name,category,mineral_type,latitude,longitude,status,capacity,owner,source,location_precision,source_url_or_reference
AMNS Ghoraburhani-Sagasahi Mine,mining,iron_ore,21.948564,85.286626,operating,7160,ArcelorMittal Nippon Steel [100%],GEM_Global_Iron_Ore_Mines_Tracker,exact,https://www.gem.wiki/AMNS_Ghoraburhani-Sagasahi_Mine
AMNS Thakurani Mine,mining,iron_ore,22.111475,85.432979,operating,7990,ArcelorMittal Nippon Steel [100%],GEM_Global_Iron_Ore_Mines_Tracker,exact,https://www.gem.wiki/AMNS_Thakurani_Mine
Anand Mining Ghugharikala Mine,mining,iron_ore,23.377701,80.177424,operating,178,Anand Mining Corporation [100%],GEM_Global_Iron_Ore_Mines_Tracker,exact,https://www.gem.wiki/Anand_Mining_Ghugharikala_Mine
Anand Mining Pratappur Mine,mining,iron_ore,23.392031,80.195154,operating,600,Anand Mining Corporation [100%],GEM_Global_Iron_Ore_Mines_Tracker,exact,https://www.gem.wiki/Anand_Mining_Pratappur_Mine
Anindita Steel Parambaljori Mine,mining,iron_ore,22.176992,85.456895,operating,130,Anindita Steel Ltd [100%],GEM_Global_Iron_Ore_Mines_Tracker,exact,https://www.gem.wiki/Anindita_Steel_Parambaljori_Mine
Arihant Minerals Aminagad Mine,mining,iron_ore,16.162097,74.703659,operating,30,Arihant Minerals [100%],GEM_Global_Iron_Ore_Mines_Tracker,exact,https://www.gem.wiki/Arihant_Minerals_Aminagad_Mine
Auro Minerals RKDR Mine,mining,iron_ore,15.216027,76.431666,operating,84,Minera Steel & Power Private Limited [100%],GEM_Global_Iron_Ore_Mines_Tracker,exact,https://www.gem.wiki/Auro_Minerals_RKDR_Mine
B Sanjeev Reddy Seetharamapuram Mine,mining,iron_ore,15.012917,79.116783,operating,30,natural person(s) [100%],GEM_Global_Iron_Ore_Mines_Tracker,approximate,https://www.gem.wiki/B_Sanjeev_Reddy_Seetharamapuram_Mine
B.L Rani Samyuktha Doddabyaladakere Mine,mining,iron_ore,13.679838,76.516304,operating,142,Smt B.L Rani Samyuktha [100%],GEM_Global_Iron_Ore_Mines_Tracker,exact,https://www.gem.wiki/B.L_Rani_Samyuktha_Doddabyaladakere_Mine
Balaji Jaisingpur Mine,mining,iron_ore,15.193778,76.464612,operating,80,Balaji Mines & Minerals Pvt Ltd [100%],GEM_Global_Iron_Ore_Mines_Tracker,exact,https://www.gem.wiki/Balaji_Jaisingpur_Mine
BC Dagara Sulaipat Mine,mining,iron_ore,22.142979,86.220817,operating,600,natural person(s) [100%],GEM_Global_Iron_Ore_Mines_Tracker,exact,https://www.gem.wiki/BC_Dagara_Sulaipat_Mine
Benita Industries Chabali Mine,mining,iron_ore,14.483575,78.590186,operating,1500,Benita Industries [100%],GEM_Global_Iron_Ore_Mines_Tracker,exact,https://www.gem.wiki/Benita_Industries_Chabali_Mine
BKG Haddinapade Mine,mining,iron_ore,15.026553,76.547947,operating,1710,BKG Mining Pvt Ltd [100%],GEM_Global_Iron_Ore_Mines_Tracker,exact,https://www.gem.wiki/BKG_Haddinapade_Mine
BV Joshi Ganigattu Mine,mining,iron_ore,15.560844,78.029812,operating,60,BV Joshi Mines & Minerals [100%],GEM_Global_Iron_Ore_Mines_Tracker,exact,https://www.gem.wiki/BV_Joshi_Ganigattu_Mine
Capital Minerals Ghadigram Mine,mining,iron_ore,23.484859,80.121934,operating,10,Capital Minerals and Mines [100%],GEM_Global_Iron_Ore_Mines_Tracker,approximate,https://www.gem.wiki/Capital_Minerals_Ghadigram_Mine
Chowgule Karadikolla Mine,mining,iron_ore,15.158579,76.510773,operating,380,Chowgule & Co Pvt Ltd [100%],GEM_Global_Iron_Ore_Mines_Tracker,exact,https://www.gem.wiki/Chowgule_Karadikolla_Mine
CMDC Aridongri Mine,mining,iron_ore,20.397681,81.067107,operating,500,Chhattisgarh Mineral Development Corporation Limited  [100%],GEM_Global_Iron_Ore_Mines_Tracker,exact,https://www.gem.wiki/CMDC_Aridongri_Mine
Cosme Costa Gaval Sonshi Mine,mining,iron_ore,15.525589,74.048085,operating,1600,Cosme Costa & Sons [100%],GEM_Global_Iron_Ore_Mines_Tracker,exact,https://www.gem.wiki/Cosme_Costa_Gaval_Sonshi_Mine
Cuplegaichem Guer Donger Mine,mining,iron_ore,15.638604,73.892029,operating,200,Chowgule & Co Pvt Ltd [100%],GEM_Global_Iron_Ore_Mines_Tracker,exact,https://www.gem.wiki/Cuplegaichem_Guer_Donger_Mine
D Venkata Subbamma Hanuman Mine,mining,iron_ore,15.373824,77.963696,operating,71,natural person(s) [100%],GEM_Global_Iron_Ore_Mines_Tracker,exact,https://www.gem.wiki/D_Venkata_Subbamma_Hanuman_Mine
Dalapahar Appahattu Mine,mining,iron_ore,21.974199,85.421092,operating,310,Dalpahar Iron & Manganese Mines [100%],GEM_Global_Iron_Ore_Mines_Tracker,exact,https://www.gem.wiki/Dalapahar_Appahattu_Mine
DB Kere Hosadurga Mine,mining,iron_ore,13.693105,76.514719,operating,150,SJMP Holdings LLP [100%],GEM_Global_Iron_Ore_Mines_Tracker,exact,https://www.gem.wiki/DB_Kere_Hosadurga_Mine
DB Siljora-Kalimati Mine,mining,iron_ore,21.885452,85.376302,operating,136,Debabrata Behera [100%],GEM_Global_Iron_Ore_Mines_Tracker,exact,https://www.gem.wiki/DB_Siljora-Kalimati_Mine
DC Dagara Ghusuria Mine,mining,iron_ore,21.772136,86.765598,operating,62,natural person(s) [100%],GEM_Global_Iron_Ore_Mines_Tracker,approximate,https://www.gem.wiki/DC_Dagara_Ghusuria_Mine
Deccan Minerals Sateli Mine,mining,iron_ore,15.763864,73.766158,operating,unknown,Deccan Minerals [100%],GEM_Global_Iron_Ore_Mines_Tracker,approximate,https://www.gem.wiki/Deccan_Minerals_Sateli_Mine
Deepak Singh Papra Kala Mine,mining,iron_ore,27.751512,75.709789,operating,130,natural person(s) [100%],GEM_Global_Iron_Ore_Mines_Tracker,approximate,https://www.gem.wiki/Deepak_Singh_Papra_Kala_Mine
Dhigvijay Minerals Gutupalli Mine,mining,iron_ore,15.440541,78.065379,operating,116,Dhigvijay Minerals [100%],GEM_Global_Iron_Ore_Mines_Tracker,exact,https://www.gem.wiki/Dhigvijay_Minerals_Gutupalli_Mine
Doddanavar Bros Aihole Mine,mining,iron_ore,16.067089,75.908783,operating,600,Doddanavar Brothers [100%],GEM_Global_Iron_Ore_Mines_Tracker,exact,https://www.gem.wiki/Doddanavar_Bros_Aihole_Mine
DR Patnaik Murgabeda Mine,mining,iron_ore,22.108109,85.467786,operating,2000,natural person(s) [100%],GEM_Global_Iron_Ore_Mines_Tracker,exact,https://www.gem.wiki/DR_Patnaik_Murgabeda_Mine
DRG Preetampuri Mine,mining,iron_ore,27.584184,75.747543,operating,90,natural person(s) [100%],GEM_Global_Iron_Ore_Mines_Tracker,approximate,https://www.gem.wiki/DRG_Preetampuri_Mine
ESL Nadidih (Bico) Mine,mining,iron_ore,21.969084,85.262653,operating,9000,ESL Steel Limited [100%],GEM_Global_Iron_Ore_Mines_Tracker,exact,https://www.gem.wiki/ESL_Nadidih_(Bico)_Mine
ESL Nadidih Mine,mining,iron_ore,21.965057,85.255248,operating,6000,ESL Steel Limited [100%],GEM_Global_Iron_Ore_Mines_Tracker,exact,https://www.gem.wiki/ESL_Nadidih_Mine
EV Ranga Reddy Pagadapalli Mine,mining,iron_ore,14.450451,78.605802,operating,274,natural person(s) [100%],GEM_Global_Iron_Ore_Mines_Tracker,exact,https://www.gem.wiki/EV_Ranga_Reddy_Pagadapalli_Mine
Geetarani Mohanty Raikela Mine,mining,iron_ore,21.876836,85.182035,operating,5000,Geetarani Mohanty [100%],GEM_Global_Iron_Ore_Mines_Tracker,exact,https://www.gem.wiki/Geetarani_Mohanty_Raikela_Mine
GGB Jambunatha Mine,mining,iron_ore,15.223883,76.434836,operating,160,Gogga Gurusanthiah & Bros [100%],GEM_Global_Iron_Ore_Mines_Tracker,exact,https://www.gem.wiki/GGB_Jambunatha_Mine
Ghanashyam Misra Gorumahisani Mine,mining,iron_ore,22.312576,86.276566,operating,750,Ghanashyam Misra & Sons Pvt Ltd [100%],GEM_Global_Iron_Ore_Mines_Tracker,exact,https://www.gem.wiki/Ghanashyam_Misra_Gorumahisani_Mine
GMIS Badampahar Mine,mining,iron_ore,22.068628,86.122735,operating,1137,GM Iron & Steel Co Ltd [100%],GEM_Global_Iron_Ore_Mines_Tracker,exact,https://www.gem.wiki/GMIS_Badampahar_Mine
Godbaim OU Cutiem Curpem Mine,mining,iron_ore,15.136774,74.175528,operating,45,natural person(s) [100%],GEM_Global_Iron_Ore_Mines_Tracker,exact,https://www.gem.wiki/Godbaim_OU_Cutiem_Curpem_Mine
Gogte Minerals Redi Mine,mining,iron_ore,15.740309,73.677879,operating,368,Gogte Minerals [100%],GEM_Global_Iron_Ore_Mines_Tracker,exact,https://www.gem.wiki/Gogte_Minerals_Redi_Mine
GPIL Boria Tibbu Mine,mining,iron_ore,20.461058,80.928432,operating,705,Godawari Power & Ispat Ltd [100%],GEM_Global_Iron_Ore_Mines_Tracker,exact,https://www.gem.wiki/GPIL_Boria_Tibbu_Mine
GPIL Kachche Aridongri Mine,mining,iron_ore,20.408833,81.063648,operating,2350,Godawari Power & Ispat Ltd [100%],GEM_Global_Iron_Ore_Mines_Tracker,exact,https://www.gem.wiki/GPIL_Kachche_Aridongri_Mine
Grewal Minerals Raikela Mine,mining,iron_ore,21.881297,85.1865,operating,502,Grewal Minerals & Metals LLP [100%],GEM_Global_Iron_Ore_Mines_Tracker,exact,https://www.gem.wiki/Grewal_Minerals_Raikela_Mine
Grewal Minerals Sanindpur Mine,mining,iron_ore,21.920014,85.312759,operating,1140,Grewal Minerals & Metals LLP [100%],GEM_Global_Iron_Ore_Mines_Tracker,exact,https://www.gem.wiki/Grewal_Minerals_Sanindpur_Mine
GSPL Dindadahalli Mine,mining,iron_ore,14.199626,76.229679,operating,21,Goa Sponge & Power Ltd [100%],GEM_Global_Iron_Ore_Mines_Tracker,exact,https://www.gem.wiki/GSPL_Dindadahalli_Mine
Gutupalli Mining Company Gutupalli Mine,mining,iron_ore,15.441722,78.033291,operating,13.5,Gutupalli Mining Company [100%],GEM_Global_Iron_Ore_Mines_Tracker,exact,https://www.gem.wiki/Gutupalli_Mining_Company_Gutupalli_Mine
HG Rangangoud Thimmappanagudi Mine,mining,iron_ore,15.148811,76.536508,operating,114,natural person(s) [100%],GEM_Global_Iron_Ore_Mines_Tracker,exact,https://www.gem.wiki/HG_Rangangoud_Thimmappanagudi_Mine
HIPL Janikunta Mine,mining,iron_ore,15.113703,76.783844,operating,310,Hothur Ispat Pvt Ltd [100%],GEM_Global_Iron_Ore_Mines_Tracker,exact,https://www.gem.wiki/HIPL_Janikunta_Mine
HN Premkumar Kallahalli Mine,mining,iron_ore,15.223525,76.423829,operating,118,natural person(s) [100%],GEM_Global_Iron_Ore_Mines_Tracker,exact,https://www.gem.wiki/HN_Premkumar_Kallahalli_Mine
HR Gaviappa Navalutti Mine,mining,iron_ore,15.031591,76.636927,operating,105,HR Gaviappa & Co [100%],GEM_Global_Iron_Ore_Mines_Tracker,exact,https://www.gem.wiki/HR_Gaviappa_Navalutti_Mine
IBC Gaganapalli Mine,mining,iron_ore,14.413547,78.708353,operating,110,Indian Barytes & Chemicals Ltd [100%],GEM_Global_Iron_Ore_Mines_Tracker,exact,https://www.gem.wiki/IBC_Gaganapalli_Mine
Indrani Patnaik Unchabali Mine,mining,iron_ore,21.872145,85.424455,operating,4000,natural person(s) [100%],GEM_Global_Iron_Ore_Mines_Tracker,exact,https://www.gem.wiki/Indrani_Patnaik_Unchabali_Mine
Jayaswal Neco Chhotedongar Mine,mining,iron_ore,19.439193,81.289811,operating,2950,Jayaswal Neco Industries Limited [100%],GEM_Global_Iron_Ore_Mines_Tracker,exact,https://www.gem.wiki/Jayaswal_Neco_Chhotedongar_Mine
Jayaswal Neco Metabodeli Mine,mining,iron_ore,20.044037,80.979994,operating,1000,Jayaswal Neco Industries Limited [100%],GEM_Global_Iron_Ore_Mines_Tracker,exact,https://www.gem.wiki/Jayaswal_Neco_Metabodeli_Mine
Jindal Saw Dhedhwas Mine,mining,iron_ore,25.326373,74.538259,operating,4301,Jindal Saw Ltd [100%],GEM_Global_Iron_Ore_Mines_Tracker,exact,https://www.gem.wiki/Jindal_Saw_Dhedhwas_Mine
Jindal Saw Lampiya Mine,mining,iron_ore,25.444551,74.634887,operating,1500,Jindal Saw Ltd [100%],GEM_Global_Iron_Ore_Mines_Tracker,exact,https://www.gem.wiki/Jindal_Saw_Lampiya_Mine
Jindutt Minerals Khera Majora Mine,mining,iron_ore,24.23492,79.294424,operating,103,Jindutt Minerals Pvt Ltd [100%],GEM_Global_Iron_Ore_Mines_Tracker,approximate,https://www.gem.wiki/Jindutt_Minerals_Khera_Majora_Mine
JISPL Hahaladdi Mine,mining,iron_ore,20.225361,80.893287,operating,150,JSW Ispat Special Products Limited [100%],GEM_Global_Iron_Ore_Mines_Tracker,exact,https://www.gem.wiki/JISPL_Hahaladdi_Mine
JJS Jururi Mine,mining,iron_ore,21.956766,85.407375,operating,600,Jagat Janani Services Pvt Ltd [100%],GEM_Global_Iron_Ore_Mines_Tracker,exact,https://www.gem.wiki/JJS_Jururi_Mine
JN Patnaik Bhanjapali Mine,mining,iron_ore,21.915274,85.250305,operating,300,natural person(s) [100%],GEM_Global_Iron_Ore_Mines_Tracker,exact,https://www.gem.wiki/JN_Patnaik_Bhanjapali_Mine
JSPL Kasia Mine,mining,iron_ore,22.061772,85.363544,operating,7500,Jindal Steel & Power Ltd [100%],GEM_Global_Iron_Ore_Mines_Tracker,exact,https://www.gem.wiki/JSPL_Kasia_Mine
JSPL Murgabeda Mine,mining,iron_ore,22.099958,85.447459,operating,unknown,Jindal Steel & Power Ltd [100%],GEM_Global_Iron_Ore_Mines_Tracker,exact,https://www.gem.wiki/JSPL_Murgabeda_Mine
JSPL TRB Mine,mining,iron_ore,21.885947,85.181524,operating,3100,Jindal Steel & Power Ltd [100%],GEM_Global_Iron_Ore_Mines_Tracker,exact,https://www.gem.wiki/JSPL_TRB_Mine
JSW Sesa Kodli Mine,mining,iron_ore,15.342999,74.134102,operating,3100,JSW Steel [100%],GEM_Global_Iron_Ore_Mines_Tracker,exact,https://www.gem.wiki/JSW_Sesa_Kodli_Mine
JSW Steel Bedarabommenahall Mine,mining,iron_ore,14.210619,76.222929,operating,4000,JSW Steel [100%],GEM_Global_Iron_Ore_Mines_Tracker,exact,https://www.gem.wiki/JSW_Steel_Bedarabommenahall_Mine
JSW Steel Bhadra Mine,mining,iron_ore,15.105667,76.629021,operating,1500,JSW Steel [100%],GEM_Global_Iron_Ore_Mines_Tracker,exact,https://www.gem.wiki/JSW_Steel_Bhadra_Mine
JSW Steel Devadri Mine,mining,iron_ore,15.067338,76.575671,operating,1165,JSW Steel [100%],GEM_Global_Iron_Ore_Mines_Tracker,exact,https://www.gem.wiki/JSW_Steel_Devadri_Mine
JSW Steel Dharmapura Mine,mining,iron_ore,15.142877,76.454776,operating,180,JSW Steel [100%],GEM_Global_Iron_Ore_Mines_Tracker,exact,https://www.gem.wiki/JSW_Steel_Dharmapura_Mine
JSW Steel Gonua Mine,mining,iron_ore,21.922275,85.373726,operating,1200,JSW Steel [100%],GEM_Global_Iron_Ore_Mines_Tracker,exact,https://www.gem.wiki/JSW_Steel_Gonua_Mine
JSW Steel Jajang Mine,mining,iron_ore,21.931082,85.427162,operating,12800,JSW Steel [100%],GEM_Global_Iron_Ore_Mines_Tracker,exact,https://www.gem.wiki/JSW_Steel_Jajang_Mine
JSW Steel Nandi Mine,mining,iron_ore,15.015044,76.573073,operating,800,JSW Steel [100%],GEM_Global_Iron_Ore_Mines_Tracker,exact,https://www.gem.wiki/JSW_Steel_Nandi_Mine
JSW Steel Narayana Mine,mining,iron_ore,14.992565,76.656198,operating,1112,JSW Steel [100%],GEM_Global_Iron_Ore_Mines_Tracker,exact,https://www.gem.wiki/JSW_Steel_Narayana_Mine
JSW Steel Narayanposhi Mine,mining,iron_ore,21.927954,85.242293,operating,10000,JSW Steel [100%],GEM_Global_Iron_Ore_Mines_Tracker,exact,https://www.gem.wiki/JSW_Steel_Narayanposhi_Mine
JSW Steel Nuagaon Mine,mining,iron_ore,21.972214,85.300502,operating,12000,JSW Steel [100%],GEM_Global_Iron_Ore_Mines_Tracker,exact,https://www.gem.wiki/JSW_Steel_Nuagaon_Mine
JSW Steel Rama Mine,mining,iron_ore,15.121743,76.468844,operating,940,JSW Steel [100%],GEM_Global_Iron_Ore_Mines_Tracker,exact,https://www.gem.wiki/JSW_Steel_Rama_Mine
JSW Steel Tunga Mine,mining,iron_ore,15.105902,76.634617,operating,300,JSW Steel [100%],GEM_Global_Iron_Ore_Mines_Tracker,exact,https://www.gem.wiki/JSW_Steel_Tunga_Mine
JSW Steel Ubbalagundi Mine,mining,iron_ore,15.059815,76.646348,operating,340,JSW Steel [100%],GEM_Global_Iron_Ore_Mines_Tracker,exact,https://www.gem.wiki/JSW_Steel_Ubbalagundi_Mine
K Rajamohan Reddy Chabali Mine,mining,iron_ore,14.479929,78.597433,operating,500,natural person(s) [100%],GEM_Global_Iron_Ore_Mines_Tracker,exact,https://www.gem.wiki/K_Rajamohan_Reddy_Chabali_Mine
Kartikeyas Sandur Mine,mining,iron_ore,15.014661,76.559658,operating,319,Kartikeyas Manganese and Iron Ores [100%],GEM_Global_Iron_Ore_Mines_Tracker,exact,https://www.gem.wiki/Kartikeyas_Sandur_Mine
Kashvi Jaribahal Mine,mining,iron_ore,21.919482,85.412768,operating,998,Kashvi International Pvt Ltd [100%],GEM_Global_Iron_Ore_Mines_Tracker,exact,https://www.gem.wiki/Kashvi_Jaribahal_Mine
KCCL Putulpani Mine,mining,iron_ore,21.658659,85.495415,operating,1000,Kalinga Commercial Corporation Limited [100%],GEM_Global_Iron_Ore_Mines_Tracker,exact,https://www.gem.wiki/KCCL_Putulpani_Mine
KCP Nayagarh Mine,mining,iron_ore,21.862418,85.420102,operating,300,KCP Iron Private Limited [100%],GEM_Global_Iron_Ore_Mines_Tracker,exact,https://www.gem.wiki/KCP_Nayagarh_Mine
Kedia Lohakana Mine,mining,iron_ore,27.479277,76.097649,operating,30,Kedia Minerals [100%],GEM_Global_Iron_Ore_Mines_Tracker,exact,https://www.gem.wiki/Kedia_Lohakana_Mine
Khatri Minerals Jhansi Mine,mining,iron_ore,23.367923,80.082637,operating,20,Khatri Minerals and Mining Company [100%],GEM_Global_Iron_Ore_Mines_Tracker,exact,https://www.gem.wiki/Khatri_Minerals_Jhansi_Mine
Kirloskar Bharath Sandur Mine,mining,iron_ore,15.032681,76.593524,operating,124,Kirloskar Ferrous Industries Limited [100%],GEM_Global_Iron_Ore_Mines_Tracker,exact,https://www.gem.wiki/Kirloskar_Bharath_Sandur_Mine
Kirloskar Chitradurga Mine,mining,iron_ore,13.92395,76.41289,operating,476,Kirloskar Ferrous Industries Limited [100%],GEM_Global_Iron_Ore_Mines_Tracker,exact,https://www.gem.wiki/Kirloskar_Chitradurga_Mine
KK Kaval Hosadurga Mine,mining,iron_ore,13.666852,76.493409,operating,30,Garudadhri Impex Pvt Ltd [100%],GEM_Global_Iron_Ore_Mines_Tracker,exact,https://www.gem.wiki/KK_Kaval_Hosadurga_Mine
KLCI Karekurchi Mine,mining,iron_ore,13.340099,76.714971,operating,45,Karnataka Limpo Cement Industry [100%],GEM_Global_Iron_Ore_Mines_Tracker,exact,https://www.gem.wiki/KLCI_Karekurchi_Mine
KMC Jururi Mine,mining,iron_ore,21.955176,85.411341,operating,2150,Kalinga Mining Corporation [100%],GEM_Global_Iron_Ore_Mines_Tracker,exact,https://www.gem.wiki/KMC_Jururi_Mine
KMSCL Jambunathanahalli Mine,mining,iron_ore,15.229724,76.426249,operating,195,Karnataka State Minerals Corp Ltd [100%],GEM_Global_Iron_Ore_Mines_Tracker,exact,https://www.gem.wiki/KMSCL_Jambunathanahalli_Mine
KN Ram Roida Mine,mining,iron_ore,22.036198,85.369641,operating,3500,KN Ram & Co [100%],GEM_Global_Iron_Ore_Mines_Tracker,exact,https://www.gem.wiki/KN_Ram_Roida_Mine
Korp Resources Tantra Mine,mining,iron_ore,21.880277,85.179034,operating,120,Korp Resources Pvt. Ltd [100%],GEM_Global_Iron_Ore_Mines_Tracker,exact,https://www.gem.wiki/Korp_Resources_Tantra_Mine
KSMCL Subbarayanahalli Mine,mining,iron_ore,15.019342,76.557254,operating,1340,Karnataka State Minerals Corp Ltd [100%],GEM_Global_Iron_Ore_Mines_Tracker,exact,https://www.gem.wiki/KSMCL_Subbarayanahalli_Mine
KSMCL Thimmappanagudi Mine,mining,iron_ore,15.137679,76.529028,operating,650,Karnataka State Minerals Corp Ltd [100%],GEM_Global_Iron_Ore_Mines_Tracker,exact,https://www.gem.wiki/KSMCL_Thimmappanagudi_Mine
Lakshmi Enterprises Gandrai Mine,mining,iron_ore,16.961078,80.099978,operating,2,Lakshmi Enterprises [100%],GEM_Global_Iron_Ore_Mines_Tracker,exact,https://www.gem.wiki/Lakshmi_Enterprises_Gandrai_Mine
Lakshmi Minerals Jaisinghpur Mine,mining,iron_ore,15.177092,76.436061,operating,90,Lakshmi Minerals [100%],GEM_Global_Iron_Ore_Mines_Tracker,exact,https://www.gem.wiki/Lakshmi_Minerals_Jaisinghpur_Mine
Lakshmi Minerals Venkatgiri Mine,mining,iron_ore,15.192646,76.410324,operating,99,Lakshmi Minerals [100%],GEM_Global_Iron_Ore_Mines_Tracker,exact,https://www.gem.wiki/Lakshmi_Minerals_Venkatgiri_Mine
LMEL Surjagarh Mine,mining,iron_ore,19.625395,80.365504,operating,10000,Lloyds Metals and Energy Limited [100%],GEM_Global_Iron_Ore_Mines_Tracker,exact,https://www.gem.wiki/LMEL_Surjagarh_Mine
LMPL Badpatuli Mine,mining,iron_ore,21.857179,85.308068,operating,480,Lavanyabati Minerals Pvt Limited [100%],GEM_Global_Iron_Ore_Mines_Tracker,exact,https://www.gem.wiki/LMPL_Badpatuli_Mine
M Hanumantha Rao Narayanpur Mine,mining,iron_ore,14.991247,76.677076,operating,226,M Hanumantha Rao [100%],GEM_Global_Iron_Ore_Mines_Tracker,exact,https://www.gem.wiki/M_Hanumantha_Rao_Narayanpur_Mine
M Srinivasulu KK Kaval Mine,mining,iron_ore,13.718106,76.440617,operating,540,natural person(s) [100%],GEM_Global_Iron_Ore_Mines_Tracker,exact,https://www.gem.wiki/M_Srinivasulu_KK_Kaval_Mine
Madhup Joshi Bagawas Mine,mining,iron_ore,27.411617,76.050091,operating,76,natural person(s) [100%],GEM_Global_Iron_Ore_Mines_Tracker,exact,https://www.gem.wiki/Madhup_Joshi_Bagawas_Mine
MESCO Malangtoli Mine,mining,iron_ore,21.781197,85.320744,operating,3500,MESCO Steel Ltd [100%],GEM_Global_Iron_Ore_Mines_Tracker,approximate,https://www.gem.wiki/MESCO_Malangtoli_Mine
MGM Patabeda Mine,mining,iron_ore,21.937676,85.371905,operating,1350,MGM Minerals Ltd [100%],GEM_Global_Iron_Ore_Mines_Tracker,exact,https://www.gem.wiki/MGM_Patabeda_Mine
MISL Roida Mine,mining,iron_ore,22.033585,85.361228,operating,6000,Mideast Integrated Steels Limited  [100%],GEM_Global_Iron_Ore_Mines_Tracker,exact,https://www.gem.wiki/MISL_Roida_Mine
Mivan Steels Hahaladdi Mine,mining,iron_ore,20.224586,80.893838,operating,150,Mivan Steels Limited [100%],GEM_Global_Iron_Ore_Mines_Tracker,exact,https://www.gem.wiki/Mivan_Steels_Hahaladdi_Mine
MM Kalane Mine,mining,iron_ore,15.768197,73.925961,operating,700,Minerals & Metals [100%],GEM_Global_Iron_Ore_Mines_Tracker,exact,https://www.gem.wiki/MM_Kalane_Mine
MM Redi Mine,mining,iron_ore,15.745002,73.680335,operating,100,Minerals & Metals [100%],GEM_Global_Iron_Ore_Mines_Tracker,exact,https://www.gem.wiki/MM_Redi_Mine
MM Talwane Mine,mining,iron_ore,15.768171,73.755119,operating,200,Minerals & Metals [100%],GEM_Global_Iron_Ore_Mines_Tracker,exact,https://www.gem.wiki/MM_Talwane_Mine
MSMCL Khursipar Mine,mining,iron_ore,21.380701,80.292516,operating,36,Maharashtra State Mining Corporation [100%],GEM_Global_Iron_Ore_Mines_Tracker,exact,https://www.gem.wiki/MSMCL_Khursipar_Mine
MSPL Jaisingpur Mine,mining,iron_ore,15.182806,76.478378,operating,120,MSPL Limited [100%],GEM_Global_Iron_Ore_Mines_Tracker,exact,https://www.gem.wiki/MSPL_Jaisingpur_Mine
MSPL Karadikolla Mine,mining,iron_ore,15.174948,76.487265,operating,510,MSPL Limited [100%],GEM_Global_Iron_Ore_Mines_Tracker,exact,https://www.gem.wiki/MSPL_Karadikolla_Mine
MSPL Narasimha Mine,mining,iron_ore,15.044951,76.531734,operating,770,MSPL Limited [100%],GEM_Global_Iron_Ore_Mines_Tracker,exact,https://www.gem.wiki/MSPL_Narasimha_Mine
MSPL Ramdev Mine,mining,iron_ore,15.172937,76.430938,operating,230,MSPL Limited [100%],GEM_Global_Iron_Ore_Mines_Tracker,exact,https://www.gem.wiki/MSPL_Ramdev_Mine
MSPL Swamimalai Mine,mining,iron_ore,15.014823,76.560268,operating,320,MSPL Limited [100%],GEM_Global_Iron_Ore_Mines_Tracker,exact,https://www.gem.wiki/MSPL_Swamimalai_Mine
MSPL Vyasanakere Mine,mining,iron_ore,15.210529,76.392217,operating,1800,MSPL Limited [100%],GEM_Global_Iron_Ore_Mines_Tracker,exact,https://www.gem.wiki/MSPL_Vyasanakere_Mine
Nadeem Minerals Donimalai Mine,mining,iron_ore,15.087332,76.601106,operating,410,Nadeem Minerals [100%],GEM_Global_Iron_Ore_Mines_Tracker,exact,https://www.gem.wiki/Nadeem_Minerals_Donimalai_Mine
Nandlal Agrawal Morija Mine,mining,iron_ore,27.165095,75.769256,operating,90,Nandlal Agrawal & Sons [100%],GEM_Global_Iron_Ore_Mines_Tracker,approximate,https://www.gem.wiki/Nandlal_Agrawal_Morija_Mine
Nathurmal Harvalem Mine,mining,iron_ore,15.54823,74.030598,operating,74,Nathurmal Mining & Minerals [100%],GEM_Global_Iron_Ore_Mines_Tracker,exact,https://www.gem.wiki/Nathurmal_Harvalem_Mine
National Enterprises Adaghat Mine,mining,iron_ore,21.926449,85.315777,operating,700,National Enterprises [100%],GEM_Global_Iron_Ore_Mines_Tracker,exact,https://www.gem.wiki/National_Enterprises_Adaghat_Mine
National Enterprises Raikela Mine,mining,iron_ore,21.881455,85.186529,operating,1000,National Enterprises [100%],GEM_Global_Iron_Ore_Mines_Tracker,exact,https://www.gem.wiki/National_Enterprises_Raikela_Mine
Nilkanth Concast Bhagoli Mine,mining,iron_ore,27.757783,75.695179,operating,130,Nilkanth Concast Pvt. Ltd. [100%],GEM_Global_Iron_Ore_Mines_Tracker,exact,https://www.gem.wiki/Nilkanth_Concast_Bhagoli_Mine
NINL Koira Mine,mining,iron_ore,21.853172,85.337922,operating,2500,Neelachal Ispat Nigam limited [100%],GEM_Global_Iron_Ore_Mines_Tracker,exact,https://www.gem.wiki/NINL_Koira_Mine
Nirmala Minerals Ghugharikala Mine,mining,iron_ore,23.376416,80.170973,operating,200,Nirmala Minerals [100%],GEM_Global_Iron_Ore_Mines_Tracker,exact,https://www.gem.wiki/Nirmala_Minerals_Ghugharikala_Mine
NKPK Ghatkuri Mine,mining,iron_ore,22.136432,85.342913,operating,820,natural person(s) [100%],GEM_Global_Iron_Ore_Mines_Tracker,exact,https://www.gem.wiki/NKPK_Ghatkuri_Mine
NMDC Bailadila-Bacheli Deposit 10 Mine,mining,iron_ore,18.702536,81.223817,operating,6000,National Mineral Development Corporation Ltd [100%],GEM_Global_Iron_Ore_Mines_Tracker,exact,https://www.gem.wiki/NMDC_Bailadila-Bacheli_Deposit_10_Mine
NMDC Bailadila-Bacheli Deposit 11A Mine,mining,iron_ore,18.682085,81.22311,operating,2800,National Mineral Development Corporation Ltd [100%],GEM_Global_Iron_Ore_Mines_Tracker,exact,https://www.gem.wiki/NMDC_Bailadila-Bacheli_Deposit_11A_Mine
NMDC Bailadila-Bacheli Deposit 5 Mine,mining,iron_ore,18.676037,81.187778,operating,10000,National Mineral Development Corporation Ltd [100%],GEM_Global_Iron_Ore_Mines_Tracker,exact,https://www.gem.wiki/NMDC_Bailadila-Bacheli_Deposit_5_Mine
NMDC Bailadila-Kirandul Deposit 11B Mine,mining,iron_ore,18.658576,81.230241,operating,7000,National Mineral Development Corporation Ltd [100%],GEM_Global_Iron_Ore_Mines_Tracker,exact,https://www.gem.wiki/NMDC_Bailadila-Kirandul_Deposit_11B_Mine
NMDC Bailadila-Kirandul Deposit 11C Mine,mining,iron_ore,18.633643,81.238373,operating,1500,National Mineral Development Corporation Ltd [100%],GEM_Global_Iron_Ore_Mines_Tracker,exact,https://www.gem.wiki/NMDC_Bailadila-Kirandul_Deposit_11C_Mine
NMDC Bailadila-Kirandul Deposit 14 Mine,mining,iron_ore,18.606222,81.226097,operating,5000,National Mineral Development Corporation Ltd [100%],GEM_Global_Iron_Ore_Mines_Tracker,exact,https://www.gem.wiki/NMDC_Bailadila-Kirandul_Deposit_14_Mine
NMDC Bailadila-Kirandul Deposit 14 NMZ Mine,mining,iron_ore,18.615358,81.229663,operating,5500,National Mineral Development Corporation Ltd [100%],GEM_Global_Iron_Ore_Mines_Tracker,exact,https://www.gem.wiki/NMDC_Bailadila-Kirandul_Deposit_14_NMZ_Mine
NMDC Donimalai Mine,mining,iron_ore,15.047897,76.632772,operating,7000,National Mineral Development Corporation Ltd [100%],GEM_Global_Iron_Ore_Mines_Tracker,exact,https://www.gem.wiki/NMDC_Donimalai_Mine
NMDC Kumaraswamy Mine,mining,iron_ore,15.009585,76.598638,operating,10000,National Mineral Development Corporation Ltd [100%],GEM_Global_Iron_Ore_Mines_Tracker,exact,https://www.gem.wiki/NMDC_Kumaraswamy_Mine
NPSPL Roida Mine,mining,iron_ore,22.040317,85.366643,operating,3500,Narbheram Power and Steel Private Limited [100%],GEM_Global_Iron_Ore_Mines_Tracker,exact,https://www.gem.wiki/NPSPL_Roida_Mine
OMC Banspani Mine,mining,iron_ore,21.965699,85.417538,operating,1000,Odisha Mining Corporation Ltd [100%],GEM_Global_Iron_Ore_Mines_Tracker,exact,https://www.gem.wiki/OMC_Banspani_Mine
OMC Daitari Mine,mining,iron_ore,21.105561,85.806755,operating,6000,Odisha Mining Corporation Ltd [100%],GEM_Global_Iron_Ore_Mines_Tracker,exact,https://www.gem.wiki/OMC_Daitari_Mine
OMC Gandhamardan A Mine,mining,iron_ore,21.633018,85.505024,operating,2880,Odisha Mining Corporation Ltd [100%],GEM_Global_Iron_Ore_Mines_Tracker,exact,https://www.gem.wiki/OMC_Gandhamardan_A_Mine
OMC Gandhamardan B Mine,mining,iron_ore,21.6198,85.511095,operating,9120,Odisha Mining Corporation Ltd [100%],GEM_Global_Iron_Ore_Mines_Tracker,exact,https://www.gem.wiki/OMC_Gandhamardan_B_Mine
OMC Guali Mine,mining,iron_ore,21.994285,85.311181,operating,12000,Odisha Mining Corporation Ltd [100%],GEM_Global_Iron_Ore_Mines_Tracker,exact,https://www.gem.wiki/OMC_Guali_Mine
OMC Jilling-Langalotta Mine,mining,iron_ore,21.950588,85.431212,operating,6280,Odisha Mining Corporation Ltd [100%],GEM_Global_Iron_Ore_Mines_Tracker,exact,https://www.gem.wiki/OMC_Jilling-Langalotta_Mine
OMC Khandbandh Mine,mining,iron_ore,21.947416,85.407554,operating,1000,Odisha Mining Corporation Ltd [100%],GEM_Global_Iron_Ore_Mines_Tracker,exact,https://www.gem.wiki/OMC_Khandbandh_Mine
OMC Kurmitar Mine,mining,iron_ore,21.75439,85.15988,operating,7400,Odisha Mining Corporation Ltd [100%],GEM_Global_Iron_Ore_Mines_Tracker,exact,https://www.gem.wiki/OMC_Kurmitar_Mine
OMC Maha Parvat Mine,mining,iron_ore,21.884981,85.424931,operating,1000,Odisha Mining Corporation Ltd [100%],GEM_Global_Iron_Ore_Mines_Tracker,exact,https://www.gem.wiki/OMC_Maha_Parvat_Mine
OMC Roida C Mine,mining,iron_ore,22.041895,85.399798,operating,460,Odisha Mining Corporation Ltd [100%],GEM_Global_Iron_Ore_Mines_Tracker,exact,https://www.gem.wiki/OMC_Roida_C_Mine
OMC Tiringpahar Mine,mining,iron_ore,21.966394,85.386286,operating,330,Odisha Mining Corporation Ltd [100%],GEM_Global_Iron_Ore_Mines_Tracker,exact,https://www.gem.wiki/OMC_Tiringpahar_Mine
OMDC Bagiaburu Mine,mining,iron_ore,22.136313,85.387338,operating,360,Orissa Minerals Development Company Ltd [100%],GEM_Global_Iron_Ore_Mines_Tracker,exact,https://www.gem.wiki/OMDC_Bagiaburu_Mine
Panduronga Timblo Bondra Mine,mining,iron_ore,15.362383,74.155652,operating,500,Pandurang Timblo Industries [100%],GEM_Global_Iron_Ore_Mines_Tracker,exact,https://www.gem.wiki/Panduronga_Timblo_Bondra_Mine
Panduronga Timblo Sailetembo Suctolim Mine,mining,iron_ore,15.361515,74.166643,operating,300,Pandurang Timblo Industries [100%],GEM_Global_Iron_Ore_Mines_Tracker,exact,https://www.gem.wiki/Panduronga_Timblo_Sailetembo_Suctolim_Mine
PB Setty Karadikolla Suresh Mine,mining,iron_ore,15.226616,76.432359,operating,898,P Balasubbashetty & Sons [100%],GEM_Global_Iron_Ore_Mines_Tracker,exact,https://www.gem.wiki/PB_Setty_Karadikolla_Suresh_Mine
Prakash Industries Sirkagutu Mine,mining,iron_ore,21.794576,85.327646,operating,1000,Prakash Industries [100%],GEM_Global_Iron_Ore_Mines_Tracker,exact,https://www.gem.wiki/Prakash_Industries_Sirkagutu_Mine
Prateek Minerals Narda Mine,mining,iron_ore,27.732337,75.941181,operating,43,Prateek Minerals [100%],GEM_Global_Iron_Ore_Mines_Tracker,approximate,https://www.gem.wiki/Prateek_Minerals_Narda_Mine
PTAL Raikela & Tantra Mine,mining,iron_ore,21.878309,85.181972,operating,1080,Penguin Trading & Agencies Limited [100%],GEM_Global_Iron_Ore_Mines_Tracker,exact,https://www.gem.wiki/PTAL_Raikela_&_Tantra_Mine
PVS Pathikonda Mine,mining,iron_ore,15.215409,76.440483,operating,98,P Venganna Setty & Bros [100%],GEM_Global_Iron_Ore_Mines_Tracker,exact,https://www.gem.wiki/PVS_Pathikonda_Mine
R Praveen Chandra John Mine,mining,iron_ore,14.230106,76.202839,operating,1500,Prakash Sponge Iron and Power Private Limited [100%],GEM_Global_Iron_Ore_Mines_Tracker,exact,https://www.gem.wiki/R_Praveen_Chandra_John_Mine
RBSSN Sankalapuram Mine,mining,iron_ore,15.235106,76.421994,operating,243,Rai Bahadur Seth Shreeram Narsingdas Pvt Ltd [100%],GEM_Global_Iron_Ore_Mines_Tracker,exact,https://www.gem.wiki/RBSSN_Sankalapuram_Mine
RMML Iyli Gurunathappa Mine,mining,iron_ore,15.159246,76.442566,operating,906,Ramgad Minerals & Mining Pvt Ltd [100%],GEM_Global_Iron_Ore_Mines_Tracker,exact,https://www.gem.wiki/RMML_Iyli_Gurunathappa_Mine
RMML Jaisingpur Mine,mining,iron_ore,15.199819,76.465476,operating,unknown,Ramghad Mines & Minerals Private Limited (Dalmia) [100%],GEM_Global_Iron_Ore_Mines_Tracker,exact,https://www.gem.wiki/RMML_Jaisingpur_Mine
RMML Sachidananda Mine,mining,iron_ore,15.180778,76.425725,operating,500,Ramgad Minerals & Mining (Pvt) Ltd [100%],GEM_Global_Iron_Ore_Mines_Tracker,exact,https://www.gem.wiki/RMML_Sachidananda_Mine
Rungta Mines Ghatkuri Mine,mining,iron_ore,22.241509,85.382459,operating,7552,Rungta Mines [100%],GEM_Global_Iron_Ore_Mines_Tracker,exact,https://www.gem.wiki/Rungta_Mines_Ghatkuri_Mine
Rungta Sons Mahulsukha Mine,mining,iron_ore,21.792453,85.148819,operating,60,Rungta Sons Pvt Ltd [100%],GEM_Global_Iron_Ore_Mines_Tracker,exact,https://www.gem.wiki/Rungta_Sons_Mahulsukha_Mine
Rungta Sons Oraghat Mine,mining,iron_ore,21.925983,85.306194,operating,10000,Rungta Sons Pvt Ltd [100%],GEM_Global_Iron_Ore_Mines_Tracker,exact,https://www.gem.wiki/Rungta_Sons_Oraghat_Mine
Rungta Sons Sanindpur Mine,mining,iron_ore,21.927708,85.304348,operating,10000,Rungta Sons Pvt Ltd [100%],GEM_Global_Iron_Ore_Mines_Tracker,exact,https://www.gem.wiki/Rungta_Sons_Sanindpur_Mine
SA Thwab Sandur Mine,mining,iron_ore,15.148554,76.452051,operating,68,SA Thwab & Co [100%],GEM_Global_Iron_Ore_Mines_Tracker,exact,https://www.gem.wiki/SA_Thwab_Sandur_Mine
Sai Balaji Obulapuram Mine,mining,iron_ore,15.056033,76.859235,operating,100,Sai Balaji Minerals [100%],GEM_Global_Iron_Ore_Mines_Tracker,exact,https://www.gem.wiki/Sai_Balaji_Obulapuram_Mine
SAIL Barsua Mine,mining,iron_ore,21.871274,85.149584,operating,3990,Steel Authority of India [100%],GEM_Global_Iron_Ore_Mines_Tracker,exact,https://www.gem.wiki/SAIL_Barsua_Mine
SAIL Bolani Mine,mining,iron_ore,22.103431,85.302394,operating,12000,Steel Authority of India [100%],GEM_Global_Iron_Ore_Mines_Tracker,exact,https://www.gem.wiki/SAIL_Bolani_Mine
SAIL Dalli Mine,mining,iron_ore,20.570856,81.021508,operating,675,Steel Authority of India [100%],GEM_Global_Iron_Ore_Mines_Tracker,exact,https://www.gem.wiki/SAIL_Dalli_Mine
SAIL Gua (Duarguiburu) Mine,mining,iron_ore,22.211793,85.352874,operating,12500,Steel Authority of India [100%],GEM_Global_Iron_Ore_Mines_Tracker,exact,https://www.gem.wiki/SAIL_Gua_(Duarguiburu)_Mine
SAIL Jharan Dalli Mine,mining,iron_ore,20.563854,81.046262,operating,14000,Steel Authority of India [100%],GEM_Global_Iron_Ore_Mines_Tracker,exact,https://www.gem.wiki/SAIL_Jharan_Dalli_Mine
SAIL Kalta Mine,mining,iron_ore,21.973018,85.213118,operating,4000,Steel Authority of India [100%],GEM_Global_Iron_Ore_Mines_Tracker,exact,https://www.gem.wiki/SAIL_Kalta_Mine
SAIL Kiriburu Mine,mining,iron_ore,22.072726,85.267298,operating,7500,Steel Authority of India [100%],GEM_Global_Iron_Ore_Mines_Tracker,exact,https://www.gem.wiki/SAIL_Kiriburu_Mine
SAIL Mahamaya-Dulki Mine,mining,iron_ore,20.485727,80.988404,operating,1460,Steel Authority of India [100%],GEM_Global_Iron_Ore_Mines_Tracker,exact,https://www.gem.wiki/SAIL_Mahamaya-Dulki_Mine
SAIL Manoharpur (Dhobil) Mine,mining,iron_ore,22.261726,85.273121,operating,750,Steel Authority of India [100%],GEM_Global_Iron_Ore_Mines_Tracker,exact,https://www.gem.wiki/SAIL_Manoharpur_(Dhobil)_Mine
SAIL Meghahatuburu Mine,mining,iron_ore,22.106718,85.279108,operating,8500,Steel Authority of India [100%],GEM_Global_Iron_Ore_Mines_Tracker,exact,https://www.gem.wiki/SAIL_Meghahatuburu_Mine
SAIL Rajhara Mine,mining,iron_ore,20.56984,81.095046,operating,3500,Steel Authority of India [100%],GEM_Global_Iron_Ore_Mines_Tracker,exact,https://www.gem.wiki/SAIL_Rajhara_Mine
SAIL Rowghat Mine,mining,iron_ore,19.747479,81.139969,operating,2000,Steel Authority of India [100%],GEM_Global_Iron_Ore_Mines_Tracker,exact,https://www.gem.wiki/SAIL_Rowghat_Mine
SAIL Taldih Mine,mining,iron_ore,21.901902,85.157258,operating,3000,Steel Authority of India [100%],GEM_Global_Iron_Ore_Mines_Tracker,exact,https://www.gem.wiki/SAIL_Taldih_Mine
Sankalp Agrawal Bijaiya Mine,mining,iron_ore,23.357921,80.189089,operating,100,natural person(s) [100%],GEM_Global_Iron_Ore_Mines_Tracker,exact,https://www.gem.wiki/Sankalp_Agrawal_Bijaiya_Mine
Sarda Dongarbor Mine,mining,iron_ore,20.442795,80.920334,operating,1500,Sarda Energy & Minerals Limited [100%],GEM_Global_Iron_Ore_Mines_Tracker,exact,https://www.gem.wiki/Sarda_Dongarbor_Mine
SB Minerals Venkatagiri Mine,mining,iron_ore,15.204026,76.400078,operating,200,SB Minerals [100%],GEM_Global_Iron_Ore_Mines_Tracker,exact,https://www.gem.wiki/SB_Minerals_Venkatagiri_Mine
SBPIL Hahaladdi Mine,mining,iron_ore,20.193026,80.903165,operating,1400,Shri Bajrang Power & Ispat Ltd [100%],GEM_Global_Iron_Ore_Mines_Tracker,exact,https://www.gem.wiki/SBPIL_Hahaladdi_Mine
SC Padhee Gurubeda Mine,mining,iron_ore,21.970685,85.446024,operating,400,natural person(s) [100%],GEM_Global_Iron_Ore_Mines_Tracker,exact,https://www.gem.wiki/SC_Padhee_Gurubeda_Mine
Serajuddin Balda Mine,mining,iron_ore,21.882824,85.403858,operating,15000,Serajuddin & Co [100%],GEM_Global_Iron_Ore_Mines_Tracker,exact,https://www.gem.wiki/Serajuddin_Balda_Mine
Sesa Sterlite Sanquelim Mine,mining,iron_ore,15.555378,74.01153,operating,unknown,Vedanta Limited [100%],GEM_Global_Iron_Ore_Mines_Tracker,exact,https://www.gem.wiki/Sesa_Sterlite_Sanquelim_Mine
Shikha Modi Kharoti Dhaniya Mine,mining,iron_ore,27.724012,75.695799,operating,13,natural person(s) [100%],GEM_Global_Iron_Ore_Mines_Tracker,exact,https://www.gem.wiki/Shikha_Modi_Kharoti_Dhaniya_Mine
Shiv Kumar Agarwal Birsinghpur Mine,mining,iron_ore,24.885889,81.019142,operating,1,natural person(s) [100%],GEM_Global_Iron_Ore_Mines_Tracker,exact,https://www.gem.wiki/Shiv_Kumar_Agarwal_Birsinghpur_Mine
Shree Arya Lakshmi Tavasikonda Mine,mining,iron_ore,15.452101,78.067099,operating,355,Shree Arya Lakshmi Steel Pvt Ltd [100%],GEM_Global_Iron_Ore_Mines_Tracker,exact,https://www.gem.wiki/Shree_Arya_Lakshmi_Tavasikonda_Mine
Shree Gavisiddeshwara Minerals Sandur Mine,mining,iron_ore,15.034737,76.631536,operating,260,Shree Gavisiddeshwara Minerals [100%],GEM_Global_Iron_Ore_Mines_Tracker,exact,https://www.gem.wiki/Shree_Gavisiddeshwara_Minerals_Sandur_Mine
Shrikant Pandey Hrideyanagar Mine,mining,iron_ore,23.376409,80.026251,operating,35,natural person(s) [100%],GEM_Global_Iron_Ore_Mines_Tracker,exact,https://www.gem.wiki/Shrikant_Pandey_Hrideyanagar_Mine
SKME Ramandurga Mine,mining,iron_ore,15.073314,76.507267,operating,2800,Sri Kumaraswamy Mineral Exports [100%],GEM_Global_Iron_Ore_Mines_Tracker,exact,https://www.gem.wiki/SKME_Ramandurga_Mine
SMIORE Deogiri Mine,mining,iron_ore,14.990704,76.593219,operating,5478,Sandur Manganese & Iron Ores [100%],GEM_Global_Iron_Ore_Mines_Tracker,exact,https://www.gem.wiki/SMIORE_Deogiri_Mine
SMIORE Ramghad Mine,mining,iron_ore,15.080848,76.487477,operating,32,Sandur Manganese & Iron ores [100%],GEM_Global_Iron_Ore_Mines_Tracker,exact,https://www.gem.wiki/SMIORE_Ramghad_Mine
SMM Dudhwa Mine,mining,iron_ore,28.474666,75.081538,operating,200,Shakambhari Maa Minerals [100%],GEM_Global_Iron_Ore_Mines_Tracker,approximate,https://www.gem.wiki/SMM_Dudhwa_Mine
SN Mohanty KJST Mine,mining,iron_ore,21.876106,85.186559,operating,2800,SN Mohanty [100%],GEM_Global_Iron_Ore_Mines_Tracker,exact,https://www.gem.wiki/SN_Mohanty_KJST_Mine
SN Mohanty Nuagaon Mine,mining,iron_ore,21.90261,85.215025,operating,106,SN Mohanty [100%],GEM_Global_Iron_Ore_Mines_Tracker,exact,https://www.gem.wiki/SN_Mohanty_Nuagaon_Mine
Sree Metaliks Khandbandh Mine,mining,iron_ore,21.961493,85.376845,operating,1500,Sree Metaliks Ltd [100%],GEM_Global_Iron_Ore_Mines_Tracker,exact,https://www.gem.wiki/Sree_Metaliks_Khandbandh_Mine
Sri Anjani Pandlimarri Mine,mining,iron_ore,14.480641,78.590759,operating,1200,Sri Anjani Mines & Minerals [100%],GEM_Global_Iron_Ore_Mines_Tracker,exact,https://www.gem.wiki/Sri_Anjani_Pandlimarri_Mine
Sri Padmavathi Veldurthi Mine,mining,iron_ore,14.140672,80.003746,operating,40,natural person(s) [100%],GEM_Global_Iron_Ore_Mines_Tracker,approximate,https://www.gem.wiki/Sri_Padmavathi_Veldurthi_Mine
Suveera Enterprises Haraginadona Mine,mining,iron_ore,15.139771,76.762693,operating,127,Suveera Enterprises LLP [100%],GEM_Global_Iron_Ore_Mines_Tracker,exact,https://www.gem.wiki/Suveera_Enterprises_Haraginadona_Mine
Suveera Enterprises Sanjeevarayana Kote Mine,mining,iron_ore,15.045495,76.925903,operating,90,Suveera Enterprises LLP [100%],GEM_Global_Iron_Ore_Mines_Tracker,exact,https://www.gem.wiki/Suveera_Enterprises_Sanjeevarayana_Kote_Mine
SV Srinivasalu Jaisingpur Mine,mining,iron_ore,15.192025,76.464229,operating,100,natural person(s) [100%],GEM_Global_Iron_Ore_Mines_Tracker,exact,https://www.gem.wiki/SV_Srinivasalu_Jaisingpur_Mine
SWML Bhangaon Mine,mining,iron_ore,22.029972,85.250067,operating,2000,South West Mining Limited [100%],GEM_Global_Iron_Ore_Mines_Tracker,exact,https://www.gem.wiki/SWML_Bhangaon_Mine
Tarini Deojhar Mine,mining,iron_ore,22.107654,85.467609,operating,153,Tarini Minerals Pvt Ltd [100%],GEM_Global_Iron_Ore_Mines_Tracker,exact,https://www.gem.wiki/Tarini_Deojhar_Mine
Tata Steel Bamebari Mine,mining,iron_ore,21.906803,85.428329,operating,300,Tata Steel [100%],GEM_Global_Iron_Ore_Mines_Tracker,exact,https://www.gem.wiki/Tata_Steel_Bamebari_Mine
Tata Steel Joda East Mine,mining,iron_ore,22.010132,85.437204,operating,19500,Tata Steel [100%],GEM_Global_Iron_Ore_Mines_Tracker,exact,https://www.gem.wiki/Tata_Steel_Joda_East_Mine
Tata Steel Joda West Mine,mining,iron_ore,22.028505,85.397262,operating,2000,Tata Steel [100%],GEM_Global_Iron_Ore_Mines_Tracker,exact,https://www.gem.wiki/Tata_Steel_Joda_West_Mine
Tata Steel Katamati Mine,mining,iron_ore,22.119436,85.486642,operating,13500,Tata Steel [100%],GEM_Global_Iron_Ore_Mines_Tracker,exact,https://www.gem.wiki/Tata_Steel_Katamati_Mine
Tata Steel Khondbond Mine,mining,iron_ore,21.930904,85.381083,operating,11670,Tata Steel [100%],GEM_Global_Iron_Ore_Mines_Tracker,exact,https://www.gem.wiki/Tata_Steel_Khondbond_Mine
Tata Steel Noamundi Mine,mining,iron_ore,22.13467,85.498309,operating,10000,Tata Steel [100%],GEM_Global_Iron_Ore_Mines_Tracker,exact,https://www.gem.wiki/Tata_Steel_Noamundi_Mine
Tata Steel Tiring Pahar Mine,mining,iron_ore,21.930605,85.401295,operating,690,Tata Steel [100%],GEM_Global_Iron_Ore_Mines_Tracker,exact,https://www.gem.wiki/Tata_Steel_Tiring_Pahar_Mine
Tata Steel Vijay-II Mine,mining,iron_ore,22.184829,85.354648,operating,2500,Tata Steel [100%],GEM_Global_Iron_Ore_Mines_Tracker,exact,https://www.gem.wiki/Tata_Steel_Vijay-II_Mine
TBAPL Haraginadona Mine,mining,iron_ore,15.118205,76.775692,operating,unknown,Tiffins Barytes Asbestos and Paints [100%],GEM_Global_Iron_Ore_Mines_Tracker,exact,https://www.gem.wiki/TBAPL_Haraginadona_Mine
TP Mohanty Naibaga Mine,mining,iron_ore,21.836959,85.399016,operating,588,natural person(s) [100%],GEM_Global_Iron_Ore_Mines_Tracker,exact,https://www.gem.wiki/TP_Mohanty_Naibaga_Mine
Tumkur Minerals Sondenahalli Mine,mining,iron_ore,13.359674,76.698165,operating,403,Tumkur Minerals Pvt Ltd [100%],GEM_Global_Iron_Ore_Mines_Tracker,exact,https://www.gem.wiki/Tumkur_Minerals_Sondenahalli_Mine
Vedanta Bicholim Mine,mining,iron_ore,15.605424,73.916491,operating,3000,Vedanta Limited [100%],GEM_Global_Iron_Ore_Mines_Tracker,exact,https://www.gem.wiki/Vedanta_Bicholim_Mine
Vendanta A Narrain Mine,mining,iron_ore,14.224704,76.207168,operating,5890,Vedanta Limited [100%],GEM_Global_Iron_Ore_Mines_Tracker,exact,https://www.gem.wiki/Vendanta_A_Narrain_Mine
VESCO Dharmapuri Mine,mining,iron_ore,15.093942,76.483673,operating,1400,Veerabhadrappa Sangappa & Company [100%],GEM_Global_Iron_Ore_Mines_Tracker,exact,https://www.gem.wiki/VESCO_Dharmapuri_Mine
VESCO Ramanmalai Mine,mining,iron_ore,15.089822,76.485743,operating,1100,Veerabhadrappa Sangappa & Company [100%],GEM_Global_Iron_Ore_Mines_Tracker,exact,https://www.gem.wiki/VESCO_Ramanmalai_Mine
VG Quenim Sonshi Mine,mining,iron_ore,15.534946,74.041316,operating,200,VG Quenim Mining Private Limited [100%],GEM_Global_Iron_Ore_Mines_Tracker,exact,https://www.gem.wiki/VG_Quenim_Sonshi_Mine
VGMPL Belagal Mine,mining,iron_ore,15.097047,76.812368,operating,275,Vibhuti Gudda Minerals Pvt Ltd [100%],GEM_Global_Iron_Ore_Mines_Tracker,exact,https://www.gem.wiki/VGMPL_Belagal_Mine
VMS Velguem/Surla Mine,mining,iron_ore,15.495227,74.047044,operating,1350,VM Salgaocar & Brothers Limited [100%],GEM_Global_Iron_Ore_Mines_Tracker,approximate,https://www.gem.wiki/VMS_Velguem/Surla_Mine
VNK Menon Ramgad Mine,mining,iron_ore,15.068018,76.512889,operating,100,VNK Menon Minerals Privated Limited [100%],GEM_Global_Iron_Ore_Mines_Tracker,exact,https://www.gem.wiki/VNK_Menon_Ramgad_Mine
YSPL Kolmong Mine,mining,iron_ore,21.945587,85.310589,operating,40,Yazdani Steel & Power Limited [100%],GEM_Global_Iron_Ore_Mines_Tracker,exact,https://www.gem.wiki/YSPL_Kolmong_Mine
ZTC Dharmapur Mine,mining,iron_ore,15.146178,76.455553,operating,300,Zeenath Transport Company [100%],GEM_Global_Iron_Ore_Mines_Tracker,exact,https://www.gem.wiki/ZTC_Dharmapur_Mine
ZTC Ramgad Mine,mining,iron_ore,15.083492,76.495439,operating,480,Zeenath Transport Company [100%],GEM_Global_Iron_Ore_Mines_Tracker,exact,https://www.gem.wiki/ZTC_Ramgad_Mine
