petrochemical_id,site_id,company,site_name,state,district,facility_category,facility_categories,latitude,longitude,coordinate_source,coordinate_confidence,coordinate_status,coordinate_method,osm_id,osm_type,osm_name,polygon_status,polygon_source,polygon_source_url,source_primary,source_primary_url,source_secondary,source_secondary_url,operational_status,site_scope,verification_status,qc_status,qc_reason,notes
1,1,RELIANCE INDUSTRIES LTD. (RIL),RIL Hazira,Gujarat,Surat,SYNTHETIC_FIBRES_YARN,AROMATICS; FIBRE_INTERMEDIATES; OLEFINS; POLYMERS; SYNTHETIC_FIBRES_YARN; SYNTHETIC_RUBBER,21.169938,72.673938,Global Energy Monitor / RIL manufacturing location,HIGH,VERIFIED_SOURCE_BACKED,FACILITY_POINT,,,,OSM_WAY_REFERENCE,OpenStreetMap / Overpass,,"ChemIndia / Department of Chemicals & Petrochemicals, Government of India",https://chemindia.chemicals.gov.in/LandingPage/Home/ManufacturingUnits,Reliance Industries manufacturing locations,https://www.ril.com/about/manufacturing-locations,ACTIVE,CORE_PETROCHEMICAL_COMPLEX,SOURCE_BACKED,PASS,PHYSICAL_SITE_IDENTIFIED,
2,2,RELIANCE INDUSTRIES LTD. (RIL),RIL Patalganga,Maharashtra,Raigad,SYNTHETIC_FIBRES_YARN,AROMATICS; FIBRE_INTERMEDIATES; SYNTHETIC_FIBRES_YARN; SYNTHETIC_RUBBER,18.88317,73.18162,Government environmental-clearance site location,MEDIUM,VERIFIED_SITE_LOCATION,SITE_BOUNDARY_CENTROID,,,,GOVERNMENT_BLOCK_REFERENCE,MoEFCC environmental-clearance project boundary,,"ChemIndia / Department of Chemicals & Petrochemicals, Government of India",https://chemindia.chemicals.gov.in/LandingPage/Home/ManufacturingUnits,MoEFCC environmental-clearance record for RIL Patalganga,https://environmentclearance.nic.in/auth/FORM_A_PDF.aspx?cat_id=IA%2FMH%2FIND2%2F27434%2F2015&pid=New,ACTIVE,CORE_PETROCHEMICAL_COMPLEX,SOURCE_BACKED,READY_FOR_OSM,PHYSICAL_SITE_IDENTIFIED,
3,3,GAIL (INDIA) LIMITED.,GAIL Pata Petrochemical Complex,Uttar Pradesh,Auraiya,POLYMERS,POLYMERS,26.647096,79.487234,Global Energy Monitor / official EC-linked source,HIGH,VERIFIED_SOURCE_BACKED,FACILITY_POINT,,,,OSM_WAY_REFERENCE,OpenStreetMap / Overpass,,"ChemIndia / Department of Chemicals & Petrochemicals, Government of India",https://chemindia.chemicals.gov.in/LandingPage/Home/ManufacturingUnits,MoEFCC environmental-clearance record / GAIL Pata,https://environmentclearance.nic.in/auth/ECGeneral_Report.aspx?pid=25261,ACTIVE,CORE_PETROCHEMICAL_COMPLEX,SOURCE_BACKED,PASS,PHYSICAL_SITE_IDENTIFIED,
4,4,HALDIA PETROCHEMICALS LTD,Haldia Petrochemical Complex,West Bengal,Purba Medinipur,POLYMERS,AROMATICS; OLEFINS; OTHER_PETRO_BASED; POLYMERS,22.06709,88.11321,OpenStreetMap / project source,HIGH,VERIFIED_SOURCE_BACKED,FACILITY_POINT,335706015,way,,OSM_WAY_REFERENCE,OpenStreetMap / Overpass,,"ChemIndia / Department of Chemicals & Petrochemicals, Government of India",https://chemindia.chemicals.gov.in/LandingPage/Home/ManufacturingUnits,MoEFCC EIA / Haldia Petrochemical Complex,https://environmentclearance.nic.in/writereaddata/Online/TOR/27_May_2016_164916943Y13E5D85PFRHPL.pdf,ACTIVE,CORE_PETROCHEMICAL_COMPLEX,SOURCE_BACKED,PASS,PHYSICAL_SITE_IDENTIFIED,
5,5,HPCL-Mittal Energy Ltd,HMEL Bathinda Petrochemical Site,Punjab,Bathinda,POLYMERS,OLEFINS; POLYMERS,29.928273,74.948007,Global Energy Monitor / HMEL,HIGH,VERIFIED_SOURCE_BACKED,FACILITY_POINT,,,,SITE_AREA_REFERENCE,HMEL / OSM enrichment,,"ChemIndia / Department of Chemicals & Petrochemicals, Government of India",https://chemindia.chemicals.gov.in/LandingPage/Home/ManufacturingUnits,HMEL integrated refinery-petrochemical complex,https://www.hmel.in/about-us/,ACTIVE,INTEGRATED_REFINERY_PETROCHEMICAL_COMPLEX,SOURCE_BACKED,PASS,PHYSICAL_SITE_IDENTIFIED,
6,6,INDIAN OIL CORPORATION LTD.,IOCL Panipat Petrochemical / Naphtha Cracker,Haryana,Panipat,POLYMERS,AROMATICS; FIBRE_INTERMEDIATES; OLEFINS; OTHER_PETRO_BASED; POLYMERS,29.45577,76.85973,OpenStreetMap / IndianOil,HIGH,VERIFIED_SOURCE_BACKED,FACILITY_POINT,926407390,way,,OSM_WAY_REFERENCE,OpenStreetMap / Overpass,,"ChemIndia / Department of Chemicals & Petrochemicals, Government of India",https://chemindia.chemicals.gov.in/LandingPage/Home/ManufacturingUnits,IndianOil Panipat Refinery & Petrochemical Complex,https://iocl.com/pages/panipat-refinery,ACTIVE,INTEGRATED_REFINERY_PETROCHEMICAL_COMPLEX,SOURCE_BACKED,PASS,PHYSICAL_SITE_IDENTIFIED,
7,7,MANGALORE REFINERY AND PETROCHEMICALS LTD,MRPL Mangalore Petrochemical Site,Karnataka,Dakshina Kannada,POLYMERS,AROMATICS; OLEFINS; POLYMERS,12.98581,74.84424,OpenStreetMap / MRPL,HIGH,VERIFIED_SOURCE_BACKED,FACILITY_POINT,62004860,way,,OSM_WAY_REFERENCE,OpenStreetMap / Overpass,,"ChemIndia / Department of Chemicals & Petrochemicals, Government of India",https://chemindia.chemicals.gov.in/LandingPage/Home/ManufacturingUnits,MRPL official site / annual reporting,https://mrpl.co.in/,ACTIVE,INTEGRATED_REFINERY_PETROCHEMICAL_COMPLEX,SOURCE_BACKED,PASS,PHYSICAL_SITE_IDENTIFIED,
8,8,RELIANCE INDUSTRIES LTD. (RIL),RIL Jamnagar,Gujarat,Jamnagar,POLYMERS,AROMATICS; OLEFINS; POLYMERS,22.334148,69.84961,Global Energy Monitor / RIL,HIGH,VERIFIED_SOURCE_BACKED,FACILITY_POINT,,,,OSM_WAY_REFERENCE,OpenStreetMap / Overpass,,"ChemIndia / Department of Chemicals & Petrochemicals, Government of India",https://chemindia.chemicals.gov.in/LandingPage/Home/ManufacturingUnits,Reliance Industries manufacturing locations,https://www.ril.com/about/manufacturing-locations,ACTIVE,INTEGRATED_REFINERY_PETROCHEMICAL_COMPLEX,SOURCE_BACKED,PASS,PHYSICAL_SITE_IDENTIFIED,
9,9,RELIANCE INDUSTRIES LTD. (RIL),RIL Dahej,Gujarat,Bharuch,POLYMERS,FIBRE_INTERMEDIATES; OLEFINS; POLYMERS; SYNTHETIC_RUBBER,21.692313,72.573313,Global Energy Monitor / RIL,HIGH,VERIFIED_SOURCE_BACKED,FACILITY_POINT,,,,OSM_WAY_OR_SITE_REFERENCE,OpenStreetMap / Overpass,,"ChemIndia / Department of Chemicals & Petrochemicals, Government of India",https://chemindia.chemicals.gov.in/LandingPage/Home/ManufacturingUnits,Reliance Industries manufacturing locations,https://www.ril.com/about/manufacturing-locations,ACTIVE,CORE_PETROCHEMICAL_COMPLEX,SOURCE_BACKED,PASS,PHYSICAL_SITE_IDENTIFIED,
10,10,RELIANCE INDUSTRIES LTD. (RIL),RIL Nagothane,Maharashtra,Raigad,POLYMERS,FIBRE_INTERMEDIATES; OLEFINS; POLYMERS; SYNTHETIC_RUBBER,18.55836,73.1125,OpenStreetMap / Global Energy Monitor,HIGH,VERIFIED_SOURCE_BACKED,FACILITY_POINT,658563501,way,,OSM_WAY_OR_SITE_REFERENCE,OpenStreetMap / Overpass,,"ChemIndia / Department of Chemicals & Petrochemicals, Government of India",https://chemindia.chemicals.gov.in/LandingPage/Home/ManufacturingUnits,Reliance Industries manufacturing locations / Global Energy Monitor,https://www.ril.com/about/manufacturing-locations,ACTIVE,CORE_PETROCHEMICAL_COMPLEX,SOURCE_BACKED,PASS,PHYSICAL_SITE_IDENTIFIED,
11,11,"ONGC Petro Additions Limited,",OPaL Dahej Petrochemical Complex,Gujarat,Bharuch,POLYMERS,AROMATICS; OLEFINS; POLYMERS,21.674364,72.543692,Global Energy Monitor / OPaL,HIGH,VERIFIED_SOURCE_BACKED,FACILITY_POINT,,,,OSM_WAY_OR_SITE_REFERENCE,OpenStreetMap / Overpass,,"ChemIndia / Department of Chemicals & Petrochemicals, Government of India",https://chemindia.chemicals.gov.in/LandingPage/Home/ManufacturingUnits,OPaL corporate brochure,https://opalindia.in/PDF/OPaL_Corporate_Brochure.pdf,ACTIVE,CORE_PETROCHEMICAL_COMPLEX,SOURCE_BACKED,PASS,PHYSICAL_SITE_IDENTIFIED,
12,12,Indian Synthetic Rubber Limited,ISRL Panipat,Haryana,Panipat,SYNTHETIC_RUBBER,SYNTHETIC_RUBBER,29.730000,76.980000,Indian Synthetic Rubber Private Limited,HIGH,VERIFIED_COMPANY_COORDINATE,FACILITY_POINT,,,,REQUIRES_DEDICATED_POLYGON,OpenStreetMap / government GIS,,"ChemIndia / Department of Chemicals & Petrochemicals, Government of India",https://chemindia.chemicals.gov.in/LandingPage/Home/ManufacturingUnits,ISRPL official plant address / Haryana pollution-control record,https://www.isrpl.co.in/Pdf/Tenders/2024-25/Solar%20Project/Section%20III%20-Scope%20of%20services.pdf,ACTIVE,PETROCHEMICAL_DERIVED_SYNTHETIC_RUBBER_SITE,SOURCE_BACKED,PASS,,"ISRPL's 2024-25 technical scope document gives 29.73 N, 76.98 E for the Panipat plant. Company contact page identifies the same plant opposite the Naphtha Cracker Polymer Terminal Gate, Panipat Refinery."
13,13,INDIAN OIL CORPORATION LTD.,IOCL Gujarat Refinery / Aromatics Site,Gujarat,Vadodara,SYNTHETIC_RUBBER,SYNTHETIC_RUBBER,22.379308,73.118723,OpenStreetMap / IndianOil Gujarat Refinery,HIGH,PARENT_COMPLEX_COORDINATE,PARENT_REFINERY_REFERENCE,way/29107962,way,Gujarat Refinery,OSM_WAY_REFERENCE,OpenStreetMap / Overpass,,"ChemIndia / Department of Chemicals & Petrochemicals, Government of India",https://chemindia.chemicals.gov.in/LandingPage/Home/ManufacturingUnits,IndianOil Gujarat Refinery + OpenStreetMap,https://iocl.com/gujarat-refinery,ACTIVE,PETROCHEMICAL_ASSOCIATED_REFINERY_SITE,SOURCE_BACKED_PARENT_COMPLEX,REVIEW,Coordinate is the Gujarat Refinery complex reference; exact aromatics-unit footprint should be represented separately when polygon data are available.,"IndianOil confirms Gujarat Refinery is an integrated refinery-cum-petrochemical complex at Jawaharnagar near Vadodara. OSM refinery way 29107962 gives 22.3793084, 73.118723."
14,14,RELIANCE INDUSTRIES LTD. (RIL),RIL Kurkhumbh,Maharashtra,Pune,SYNTHETIC_RUBBER,SYNTHETIC_RUBBER,18.397533,74.520950,Kurkumbh/MIDC locality reference; historical RIL manufacturing division,LOW,APPROXIMATE_SITE_REFERENCE,LOCALITY_REFERENCE,,,,REQUIRES_DEDICATED_HISTORICAL_SITE_POLYGON,OpenStreetMap / historical site documentation,,"ChemIndia / Department of Chemicals & Petrochemicals, Government of India",https://chemindia.chemicals.gov.in/LandingPage/Home/ManufacturingUnits,RIL historical reports; Kurkumbh locality coordinate,https://www.ril.com/sites/default/files/2023-11/RIL_SR2007_08.pdf,HISTORICAL_REQUIRES_CURRENT_STATUS_CHECK,LEGACY_ASSOCIATED_PETROCHEMICAL_SITE,HISTORICAL_SITE_CONFIRMED_COORDINATE_APPROXIMATE,REVIEW,"RIL's historical Kurkumbh manufacturing division is confirmed, but a current authoritative facility-specific coordinate was not found. Coordinate represents Kurkumbh locality/MIDC area, not a verified RIL parcel centroid.",RIL's historical reports identify Kurkumbh as a manufacturing division and state that the division occupied 34 acres. RIL later shut the Kurkumbh MEG facility and converted/repurposed the site. Use this coordinate only as a review placeholder until an OSM polygon or official plot-level coordinate is obtained.
15,16,RELIANCE INDUSTRIES LTD.,RIL Nagpur/Mauda,Maharashtra,Nagpur,SYNTHETIC_RUBBER,SYNTHETIC_RUBBER,21.158124,79.373440,Zilla Parishad Nagpur / Dahali village spatial reference,LOW,APPROXIMATE_SITE_REFERENCE,LOCALITY_REFERENCE,,,,REQUIRES_DEDICATED_SITE_POLYGON,OpenStreetMap / official GIS,,"ChemIndia / Department of Chemicals & Petrochemicals, Government of India",https://chemindia.chemicals.gov.in/LandingPage/Home/ManufacturingUnits,Reliance Industries official manufacturing location + Zilla Parishad Nagpur,https://www.ril.com/about/manufacturing-locations,REQUIRES_CURRENT_VERIFICATION,LEGACY_ASSOCIATED_MANUFACTURING_SITE,SITE_CONFIRMED_COORDINATE_APPROXIMATE,REVIEW,"RIL officially identifies its Nagpur Manufacturing Division at Village Dahali, Mouda. Available public coordinate found is for the Dahali locality, not a verified RIL parcel centroid.","RIL's current manufacturing-locations page identifies Nagpur Manufacturing Division at Village Dahali, Mouda, Nagpur. The coordinate uses the official Zilla Parishad Nagpur Dahali spatial point as a locality reference. Replace with a facility polygon/point from OSM or an official GIS record before high-precision FIRMS proximity analysis."
16,17,Brahmaputra Cracker and Polymer Limited (BCPL),BCPL Lepetkata,Assam,Dibrugarh,OLEFINS,OLEFINS,27.367977,94.888719,Global Energy Monitor / BCPL source,HIGH,VERIFIED_SOURCE_BACKED,FACILITY_POINT,,,,REQUIRES_DEDICATED_POLYGON,OpenStreetMap / project GIS,,"ChemIndia / Department of Chemicals & Petrochemicals, Government of India",https://chemindia.chemicals.gov.in/LandingPage/Home/ManufacturingUnits,BCPL / Global Energy Monitor,https://www.gem.wiki/BCPL_Lepetkata_Chemical_Plant,ACTIVE,CORE_PETROCHEMICAL_COMPLEX,SOURCE_BACKED,PASS,PHYSICAL_SITE_IDENTIFIED,
17,18,CHENNAI PETROLEUM CORPN. LTD.,CPCL Manali,Tamil Nadu,Chennai,OLEFINS,OLEFINS,13.16024,80.273974,Global Energy Monitor / CPCL,HIGH,VERIFIED_SOURCE_BACKED,FACILITY_POINT,,,,GOVERNMENT_BLOCK_REFERENCE,MoEFCC / OSM,,"ChemIndia / Department of Chemicals & Petrochemicals, Government of India",https://chemindia.chemicals.gov.in/LandingPage/Home/ManufacturingUnits,MoEFCC environmental-clearance record for CPCL Manali,https://environmentclearance.nic.in/auth/FORM_A_PDF.aspx?cat_id=IA%2FTN%2FIND2%2F220746%2F2021,ACTIVE,INTEGRATED_REFINERY_PETROCHEMICAL_COMPLEX,SOURCE_BACKED,PASS,PHYSICAL_SITE_IDENTIFIED,
18,19,HINDUSTAN ORAGANIC CHEM. LTD.,HOCL Rasayani,Maharashtra,Raigad,OLEFINS,OLEFINS,18.883,73.18,Government Rasayani site-area reference,MEDIUM,PARENT_SITE_COORDINATE,SITE_AREA_REFERENCE,,,,REQUIRES_DEDICATED_POLYGON,Government GIS / OSM,,"ChemIndia / Department of Chemicals & Petrochemicals, Government of India",https://chemindia.chemicals.gov.in/LandingPage/Home/ManufacturingUnits,Government / environmental-clearance spatial reference,https://environmentclearance.nic.in/,REQUIRES_CURRENT_VERIFICATION,CHEMICAL_PETROCHEMICAL_ASSOCIATED_SITE,SITE_CONFIRMED_COORDINATE_APPROXIMATE,REVIEW,"Coordinate represents the parent/associated complex area, not necessarily the exact sub-unit footprint.",
19,20,HINDUSTAN PETROLEUM CORPN.LTD.,HPCL Visakh Petrochemical-Associated Site,Andhra Pradesh,Visakhapatnam,OLEFINS,OLEFINS,17.70577,83.23982,OpenStreetMap / source-backed facility coordinate,HIGH,VERIFIED_SOURCE_BACKED,FACILITY_POINT,397989480,way,,OSM_WAY_REFERENCE,OpenStreetMap / Overpass,,"ChemIndia / Department of Chemicals & Petrochemicals, Government of India",https://chemindia.chemicals.gov.in/LandingPage/Home/ManufacturingUnits,HPCL Visakh / official company information,https://www.hindustanpetroleum.com/,ACTIVE,INTEGRATED_REFINERY_PETROCHEMICAL_COMPLEX,SOURCE_BACKED,PASS,PHYSICAL_SITE_IDENTIFIED,
20,22,ONGC MANGALORE PETROCHEMICALS LTD,OMPL Permude,Karnataka,Dakshina Kannada,AROMATICS,AROMATICS,12.99621,74.86623,OpenStreetMap / OMPL,HIGH,VERIFIED_SOURCE_BACKED,FACILITY_POINT,220749510,way,,OSM_WAY_REFERENCE,OpenStreetMap / Overpass,,"ChemIndia / Department of Chemicals & Petrochemicals, Government of India",https://chemindia.chemicals.gov.in/LandingPage/Home/ManufacturingUnits,MRPL / OMPL official documentation,https://mrpl.co.in/,ACTIVE,AROMATICS_COMPLEX,SOURCE_BACKED,PASS,PHYSICAL_SITE_IDENTIFIED,
PC-021,PCSITE-021,INDIAN OIL CORPORATION LTD.,IOCL Paradip Petrochemical / PP Complex,Odisha,Jagatsinghpur,POLYMERS,POLYMERS;GLYCOLS,20.261512,86.604777,OSM refinery/parent-complex reference,MEDIUM,PARENT_COMPLEX_COORDINATE,PARENT_REFINERY_REFERENCE,,,,NOT_CAPTURED_IN_CURRENT_POINT_EXPORT,OpenStreetMap / Overpass,,"ChemIndia / Department of Chemicals & Petrochemicals, Government of India",https://chemindia.chemicals.gov.in/LandingPage/Home/ManufacturingUnits,IndianOil Petrochemicals / Paradip PP-Glycol facilities,https://iocl.com/pages/Petrochemicals-Overview,ACTIVE,CORE_PETROCHEMICAL_COMPLEX,PROJECT_LEVEL_COORDINATE,REVIEW,"Coordinate represents the parent/associated complex area, not necessarily the exact sub-unit footprint.",Coordinate references the Paradip refinery/associated complex area; obtain the dedicated PP-plant polygon before polygon-level analysis.
